year,month,day,hour,temp,dwpt,rhum,prcp,snow,wdir,wspd,wpgt,pres,tsun,coco,future_temp
2025,08,12,00,20,20,100,0,,140,5.4,,1014.2,,5,19.4
2025,08,12,01,19.4,19.4,100,0,,0,0,,1013.7,,3,20
2025,08,12,02,20,20,100,0,,170,5.4,,1013.8,,3,20
2025,08,12,03,20,20,100,,,0,0,,1013.2,,5,20
2025,08,12,04,20,20,100,,,190,5.4,,1013.3,,5,20
2025,08,12,05,20,20,100,0,,0,0,,1013.3,,5,20
2025,08,12,06,20,20,100,0,,0,0,,1013.5,,5,20
2025,08,12,07,20,19.3,96,0,,0,0,,1013.5,,3,20.6
2025,08,12,08,20.6,19.9,96,0,,190,7.6,,1013.6,,3,22.2
2025,08,12,09,22.2,20.7,91,0,,0,0,,1013.8,,3,23.3
2025,08,12,10,23.3,20.6,85,0,,280,5.4,,1014.1,,3,24.4
2025,08,12,11,24.4,20.5,79,0,,0,0,,1013.9,,3,25.6
2025,08,12,12,25.6,20.6,74,0,,220,9.4,,1013.8,,3,25.6
2025,08,12,13,25.6,21,76,0,,240,9.4,,1013.9,,3,26.7
2025,08,12,14,26.7,20.5,69,0,,250,9.4,,1013.7,,3,27.8
2025,08,12,15,27.8,20.1,63,0,,270,14.8,,1013.4,,3,27.8
2025,08,12,16,27.8,20.1,63,0,,240,11.2,,1013,,5,27.8
2025,08,12,17,27.8,19.3,60,0,,300,14.8,,1012.8,,3,27.8
2025,08,12,18,27.8,21.1,67,0,,310,11.2,,1012.7,,3,26.1
2025,08,12,19,26.1,19,65,0,,330,11.2,,1012.7,,17,25
2025,08,12,20,25,19.4,71,0,,320,9.4,,1013.1,,2,23.9
2025,08,12,21,23.9,19.4,76,0,,340,13,,1013.8,,2,22.2
2025,08,12,22,22.2,19.4,84,0,,10,9.4,,1014.5,,1,21.1
2025,08,12,23,21.1,18.8,87,0,,350,11.2,,1014.8,,1,20.6
2025,08,13,00,20.6,18.4,87,0,,350,9.4,,1014.7,,1,18.9
2025,08,13,01,18.9,17.7,93,0,,0,0,,1015.4,,1,18.3
2025,08,13,02,18.3,16.6,90,0,,360,9.4,,1015.5,,1,17.2
2025,08,13,03,17.2,16.7,97,0,,340,7.6,,1015.3,,1,16.7
2025,08,13,04,16.7,16.1,96,0,,350,5.4,,1015.2,,1,15.6
2025,08,13,05,15.6,15,96,0,,0,0,,1015.3,,1,15.6
2025,08,13,06,15.6,15.6,100,0,,0,0,,1015.8,,1,16.1
2025,08,13,07,16.1,15.6,97,0,,0,0,,1016.6,,1,18.9
2025,08,13,08,18.9,17.2,90,0,,340,5.4,,1017,,1,20.6
2025,08,13,09,20.6,17.2,81,0,,20,5.4,,1017,,1,22.8
2025,08,13,10,22.8,16.1,66,0,,0,0,,1017,,1,24.4
2025,08,13,11,24.4,15.6,58,0,,80,5.4,,1017.3,,1,25
2025,08,13,12,25,15,54,0,,90,5.4,,1016.8,,1,25.6
2025,08,13,13,25.6,15.6,54,0,,50,9.4,,1016.4,,1,26.1
2025,08,13,14,26.1,15.5,52,0,,60,7.6,,1016.1,,1,26.7
2025,08,13,15,26.7,16,52,0,,100,7.6,,1015.5,,1,26.7
2025,08,13,16,26.7,16,52,0,,120,7.6,,1015.5,,1,26.7
2025,08,13,17,26.7,16,52,0,,100,7.6,,1015.1,,1,26.1
2025,08,13,18,26.1,16.1,54,0,,180,11.2,,1015,,1,25.6
2025,08,13,19,25.6,16.2,56,0,,130,7.6,,1014.9,,1,23.3
2025,08,13,20,23.3,18.4,74,0,,140,7.6,,1014.4,,1,20.6
2025,08,13,21,20.6,17.2,81,0,,0,0,,1014.9,,1,19.4
2025,08,13,22,19.4,17.7,90,0,,0,0,,1015.2,,1,19.4
2025,08,13,23,19.4,17.2,87,0,,140,5.4,,1015,,1,18.3
2025,08,14,00,18.3,17.1,93,0,,0,0,,1014.8,,1,16.7
2025,08,14,01,16.7,16.1,96,0,,0,0,,1015.3,,1,17.2
2025,08,14,02,17.2,16.7,97,0,,0,0,,1015.1,,1,16.7
2025,08,14,03,16.7,16.1,96,0,,130,7.6,,1014.5,,1,16.7
2025,08,14,04,16.7,16.1,96,0,,170,7.6,,1014.9,,3,17.8
2025,08,14,05,17.8,16.7,93,0,,80,5.4,,1015.8,,2,16.1
2025,08,14,06,16.1,16.1,100,0,,120,5.4,,1016.2,,2,16.7
2025,08,14,07,16.7,16.1,96,0,,140,9.4,,1015.5,,1,19.4
2025,08,14,08,19.4,17.2,87,0,,170,7.6,,1015.4,,1,21.1
2025,08,14,09,21.1,17.9,82,0,,130,22.3,,1014.3,,2,22.2
2025,08,14,10,22.2,18.4,79,0,,150,11.2,,1014.8,,1,23.3
2025,08,14,11,23.3,18.4,74,0,,160,16.6,,1015.4,,3,24.4
2025,08,14,12,24.4,18.3,69,0,,170,20.5,,1015.8,,2,26.1
2025,08,14,13,26.1,18.2,62,0,,170,24.1,,1015.2,,2,27.8
2025,08,14,14,27.8,20.1,63,0,,150,24.1,,1015,,2,28.3
2025,08,14,15,28.3,20,61,0,,150,18.4,,1014.6,,3,28.3
2025,08,14,16,28.3,20.6,63,0,,140,20.5,,1014.2,,1,27.8
2025,08,14,17,27.8,21.1,67,0,,130,14.8,,1014.1,,1,26.7
2025,08,14,18,26.7,20.5,69,0,,130,20.5,,1013.8,,3,26.1
2025,08,14,19,26.1,20.6,72,0,,130,16.6,,1013.8,,2,24.4
2025,08,14,20,24.4,19.9,76,0,,130,14.8,,1013.9,,1,22.2
2025,08,14,21,22.2,19,82,0,,140,14.8,,1014.1,,2,22.2
2025,08,14,22,22.2,19,82,0,,160,14.8,,1014.4,,2,21.1
2025,08,14,23,21.1,18.8,87,0,,160,13,,1014.2,,3,21.1
2025,08,15,00,21.1,18.8,87,0,,160,13,,1014.8,,3,21.7
2025,08,15,01,21.7,18.9,84,0,,160,13,,1014.6,,3,21.7
2025,08,15,02,21.7,18.3,81,0,,150,13,,1014.6,,3,21.1
2025,08,15,03,21.1,18.3,84,0,,130,5.4,,1014.9,,3,20.6
2025,08,15,04,20.6,18.4,87,0,,120,7.6,,1014.9,,3,20
2025,08,15,05,20,18.3,90,0,,140,7.6,,1015.2,,3,19.4
2025,08,15,06,19.4,18.2,93,0,,130,5.4,,1015.2,,1,19.4
2025,08,15,07,19.4,18.2,93,0,,140,9.4,,1015.3,,3,21.1
2025,08,15,08,21.1,18.8,87,0,,140,11.2,,1015,,3,24.4
2025,08,15,09,24.4,19.9,76,0,,140,13,,1014.7,,3,25.6
2025,08,15,10,25.6,20.6,74,0,,150,13,,1015,,3,27.2
2025,08,15,11,27.2,21.7,72,0,,150,14.8,,1015.5,,3,28.9
2025,08,15,12,28.9,22.1,67,0,,160,13,,1015.4,,3,27.2
2025,08,15,13,27.2,23.2,79,0.3,,170,11.2,,1014.9,,3,30
2025,08,15,14,30,25.1,75,,,140,20.5,,1014.2,,3,31.1
2025,08,15,15,31.1,24,66,0,,150,20.5,,1014.3,,3,29.4
2025,08,15,16,29.4,24.3,74,0,,140,11.2,,1014.8,,3,27.2
2025,08,15,17,27.2,23.2,79,0,,40,25.9,,1015.4,,3,25.6
2025,08,15,18,25.6,21.7,79,0,,90,13,,1015.3,,3,25
2025,08,15,19,25,21.1,79,0,,150,27.7,,1014.4,,3,23.3
2025,08,15,20,23.3,21.2,88,3.3,,160,14.8,28,1015,,2,25.6
2025,08,15,21,25.6,21.7,79,0,,160,25.9,17,1014.8,,2,24.4
2025,08,15,22,24.4,21.1,82,0,,160,24.1,,1015.4,,3,23.9
2025,08,15,23,23.9,20.6,82,0,,160,18.4,,1015.5,,3,23.9
2025,08,16,00,23.9,21,84,0,,160,13,,1015.4,,2,23.9
2025,08,16,01,23.9,21.8,88,0,,180,11.2,,1015.2,,3,23.9
2025,08,16,02,23.9,21.8,88,0,,140,13,,1015.8,,3,23.3
2025,08,16,03,23.3,21.7,91,0,,90,13,,1016.3,,3,22.8
2025,08,16,04,22.8,21.8,94,0,,120,13,,1016.3,,3,22.2
2025,08,16,05,22.2,21.7,97,0,,140,16.6,,1015.8,,3,22.8
2025,08,16,06,22.8,21.8,94,0,,160,24.1,,1015,,3,23.3
2025,08,16,07,23.3,21.7,91,0,,170,18.4,,1015.3,,3,23.9
2025,08,16,08,23.9,22.2,90,0,,170,16.6,,1015.6,,3,25
2025,08,16,09,25,22.9,88,0,,180,13,,1015,,3,26.7
2025,08,16,10,26.7,23.4,82,0,,200,13,16,1014.7,,3,28.9
2025,08,16,11,28.9,24.5,77,0,,230,18.4,,1014.7,,3,30.6
2025,08,16,12,30.6,25,72,0,,230,18.4,,1014.6,,2,31.7
2025,08,16,13,31.7,25,68,0,,200,20.5,,1014.1,,3,32.2
2025,08,16,14,32.2,25,66,0,,210,24.1,18,1013.8,,3,32.8
2025,08,16,15,32.8,25.1,64,0,,200,22.3,17,1013.8,,3,32.8
2025,08,16,16,32.8,24.3,61,0,,200,20.5,,1013.7,,3,32.8
2025,08,16,17,32.8,25.1,64,0,,210,18.4,,1013.2,,1,32.2
2025,08,16,18,32.2,25,66,0,,200,11.2,,1012.8,,3,31.1
2025,08,16,19,31.1,24.5,68,0,,200,9.4,,1013,,3,28.9
2025,08,16,20,28.9,24.5,77,0,,190,11.2,,1012.9,,3,26.1
2025,08,16,21,26.1,24,88,0,,180,9.4,,1013.3,,1,27.2
2025,08,16,22,27.2,23.9,82,0,,190,11.2,,1013.5,,1,23.9
2025,08,16,23,23.9,23.2,96,0,,180,5.4,,1014.1,,1,23.9
2025,08,17,00,23.9,23.2,96,0,,0,0,,1014,,1,23.3
2025,08,17,01,23.3,23.3,100,0,,120,5.4,,1013.8,,1,22.8
2025,08,17,02,22.8,22.8,100,0,,0,0,,1013.3,,1,22.8
2025,08,17,03,22.8,22.1,96,0,,140,7.6,,1013.6,,1,22.8
2025,08,17,04,22.8,22.8,100,0,,0,0,,1014.2,,5,22.2
2025,08,17,05,22.2,22.2,100,0,,130,7.6,,1014,,5,21.7
2025,08,17,06,21.7,21.7,100,0,,140,5.4,,1014.2,,5,22.2
2025,08,17,07,22.2,22.2,100,0,,150,5.4,,1014.8,,3,24.4
2025,08,17,08,24.4,23.4,94,0,,140,14.8,,1015.3,,3,26.7
2025,08,17,09,26.7,24,85,0,,130,13,,1015.3,,3,27.8
2025,08,17,10,27.8,24.4,82,0,,120,9.4,,1015.3,,3,30.6
2025,08,17,11,30.6,24,68,0,,190,13,,1014.9,,3,31.1
2025,08,17,12,31.1,24,66,0,,182,11.2,,1014.7,,3,31.7
2025,08,17,13,31.7,23.8,63,0,,190,5.4,,1014.4,,3,33.3
2025,08,17,14,33.3,23.9,58,0,,190,11.2,,1013.6,,3,33.9
2025,08,17,15,33.9,24.5,58,0,,200,14.8,,1013,,3,33.9
2025,08,17,16,33.9,23.3,54,0,,190,14.8,,1012.7,,2,33.3
2025,08,17,17,33.3,23.3,56,0,,190,16.6,,1012.3,,3,32.8
2025,08,17,18,32.8,24,60,0,,190,13,,1012.4,,3,31.1
2025,08,17,19,31.1,24.5,68,0,,190,11.2,,1012.1,,3,28.9
2025,08,17,20,28.9,23.8,74,0,,180,11.2,,1012,,3,26.7
2025,08,17,21,26.7,23.4,82,0,,160,7.6,,1012.7,,2,25.6
2025,08,17,22,25.6,23.3,87,0,,160,9.4,,1013.1,,2,25.6
2025,08,17,23,25.6,23.3,87,0,,150,9.4,,1013.5,,2,24.4
2025,08,18,00,24.4,23.4,94,0,,140,11.2,,1013.8,,2,24.4
2025,08,18,01,24.4,23.4,94,0,,140,7.6,,1013.3,,2,24.4
2025,08,18,02,24.4,23.4,94,0,,140,9.4,,1012.8,,2,25
2025,08,18,03,25,23.2,90,0,,190,14.8,,1012.3,,3,24.4
2025,08,18,04,24.4,23.4,94,0,,150,11.2,,1011.9,,17,25.6
2025,08,18,05,25.6,22.7,84,0,,180,16.6,,1012.1,,1,24.4
2025,08,18,06,24.4,22.8,91,0,,160,9.4,35,1012.2,,18,24.4
2025,08,18,07,24.4,21.1,82,0.8,,310,44.6,36,1014.1,,25,21.7
2025,08,18,08,21.7,20,90,5.1,,0,0,,1015,,7,21.1
2025,08,18,09,21.1,20.6,97,0.3,,70,11.2,,1014.5,,3,22.2
2025,08,18,10,22.2,21.2,94,,,110,13,,1014.4,,3,23.3
2025,08,18,11,23.3,21.7,91,0,,120,5.4,,1014.3,,3,26.1
2025,08,18,12,26.1,22.2,79,0,,150,5.4,,1014.3,,3,27.2
2025,08,18,13,27.2,22.8,77,0,,150,11.2,,1014.3,,3,27.2
2025,08,18,14,27.2,23.2,79,0,,180,14.8,,1014.1,,7,28.9
2025,08,18,15,28.9,23.8,74,0,,190,11.2,,1013.5,,3,29.4
2025,08,18,16,29.4,23.8,72,0,,260,16.6,,1013.4,,3,28.9
2025,08,18,17,28.9,23.8,74,0,,260,16.6,,1013,,3,29.4
2025,08,18,18,29.4,22.9,68,0,,300,18.4,,1012.7,,17,28.3
2025,08,18,19,28.3,23.2,74,0,,320,13,,1012.9,,3,27.8
2025,08,18,20,27.8,22.7,74,0,,360,11.2,,1013.7,,2,25.6
2025,08,18,21,25.6,22.3,82,0,,30,7.6,,1014.4,,2,25
2025,08,18,22,25,21.7,82,0,,10,7.6,,1014.8,,2,23.3
2025,08,18,23,23.3,21.7,91,0,,300,5.4,,1015.6,,1,21.7
2025,08,19,00,21.7,21,96,0,,0,0,,1016.2,,2,21.1
2025,08,19,01,21.1,21.1,100,0,,300,5.4,,1016.1,,3,21.1
2025,08,19,02,21.1,20.6,97,0,,0,0,,1016.1,,1,21.7
2025,08,19,03,21.7,21,96,0,,0,0,,1015.9,,1,20
2025,08,19,04,20,20,100,0,,310,5.4,,1015.8,,1,21.1
2025,08,19,05,21.1,21.1,100,0,,0,0,,1016,,1,20.6
2025,08,19,06,20.6,20.6,100,0,,320,5.4,,1016.3,,5,20.6
2025,08,19,07,20.6,20.6,100,0,,0,0,,1017,,5,22.2
2025,08,19,08,22.2,21.7,97,0,,340,5.4,,1017.6,,1,23.9
2025,08,19,09,23.9,21.8,88,0,,0,0,,1017.9,,1,26.1
2025,08,19,10,26.1,22.8,82,0,,360,7.6,,1018.1,,2,27.2
2025,08,19,11,27.2,22.8,77,0,,360,14.8,,1018.3,,2,28.3
2025,08,19,12,28.3,22.8,72,0,,350,11.2,,1018.5,,3,28.3
2025,08,19,13,28.3,22.3,70,0,,40,5.4,,1018.5,,3,29.4
2025,08,19,14,29.4,22.1,65,0,,18,6,,1017.9,,1,29.4
2025,08,19,15,29.4,21.1,61,0,,50,5.4,,1017.3,,2,30
2025,08,19,16,30,21.6,61,0,,50,11.2,,1017.1,,2,29.4
2025,08,19,17,29.4,21.6,63,0,,50,13,,1017,,2,28.3
2025,08,19,18,28.3,21.8,68,0,,360,9.4,,1016.5,,2,28.9
2025,08,19,19,28.9,22.1,67,0,,350,11.2,,1016.3,,2,27.2
2025,08,19,20,27.2,21.7,72,0,,30,7.6,,1016.9,,2,25
2025,08,19,21,25,22.1,84,0,,310,5.4,,1017.6,,2,22.8
2025,08,19,22,22.8,21.8,94,0,,0,0,,1018.4,,1,22.2
